수집시각,순위,제목,저자,출판사,링크,이미지URL,이전순위,순위변동
2026-05-22 10:00,1,싯다르타,"헤르만 헤세, 박병덕",민음사,https://www.aladin.co.kr/shop/wproduct.aspx?ItemId=329596,https://image.aladin.co.kr/product/32/95/cover500/s062934786_1.jpg,17,↑16
2026-05-22 10:00,2,오만과 편견,"제인 오스틴, 윤지관, 전승희",민음사,https://www.aladin.co.kr/shop/wproduct.aspx?ItemId=436838,https://image.aladin.co.kr/product/43/68/cover500/s937460882_1.jpg,,NEW
2026-05-22 10:00,3,열혈강호,"전극진, 양재현",대원씨아이(만화),https://www.aladin.co.kr/shop/wproduct.aspx?ItemId=393799498,https://image.aladin.co.kr/product/39379/94/cover500/e442638821_071d.jpg,,NEW
2026-05-22 10:00,4,불가항력의 I LOVE YOU 8,"호시노 미즈키, 김서은",서울미디어코믹스(서울문화사),https://www.aladin.co.kr/shop/wproduct.aspx?ItemId=393769452,https://image.aladin.co.kr/product/39376/94/cover500/k052139772_1.jpg,,NEW
2026-05-22 10:00,5,체호프 단편선,"안톤 파블로비치 체호프, 박현섭",민음사,https://www.aladin.co.kr/shop/wproduct.aspx?ItemId=389003,https://image.aladin.co.kr/product/38/90/cover500/s552934787_1.jpg,28,↑23
2026-05-22 10:00,6,브람스를 좋아하세요...,"프랑수아즈 사강, 김남주",민음사,https://www.aladin.co.kr/shop/wproduct.aspx?ItemId=2156605,https://image.aladin.co.kr/product/215/66/cover500/s252137206_1.jpg,52,↑46
2026-05-22 10:00,7,불안한 날에 니체를 읽는다,"프리드리히 니체, 김상현",필름(Feelm),https://www.aladin.co.kr/shop/wproduct.aspx?ItemId=393699252,https://image.aladin.co.kr/product/39369/92/cover500/k372139668_1.jpg,22,↑15
2026-05-22 10:00,8,품격 있는 대화를 위한 지식 브리핑,김진,북플레저,https://www.aladin.co.kr/shop/wproduct.aspx?ItemId=392447560,https://image.aladin.co.kr/product/39244/75/cover500/k782138107_1.jpg,15,↑7
2026-05-22 10:00,9,프로젝트 헤일메리,"앤디 위어, 강동혁",알에이치코리아(RHK),https://www.aladin.co.kr/shop/wproduct.aspx?ItemId=270454373,https://image.aladin.co.kr/product/27045/43/cover500/k692135851_3.jpg,7,↓2
2026-05-22 10:00,10,ONE PIECE magazine 21 (ジャンプコミックス),,,https://www.aladin.co.kr/shop/wproduct.aspx?ItemId=390594676,https://image.aladin.co.kr/product/39059/46/cover500/4081024413g_1.jpg,29,↑19
2026-05-22 10:00,11,당신을 기다리고 있어,김보영,래빗홀,https://www.aladin.co.kr/shop/wproduct.aspx?ItemId=393725725,https://image.aladin.co.kr/product/39372/57/cover500/k542139662_1.jpg,34,↑23
2026-05-22 10:00,12,향기로운 꽃은 늠름하게 핀다 20 (더블특전판),미카미 사카,대원씨아이(만화),https://www.aladin.co.kr/shop/wproduct.aspx?ItemId=393544747,https://image.aladin.co.kr/product/39354/47/cover500/k442138638_1.jpg,13,↑1
2026-05-22 10:00,13,안녕이라 그랬어,김애란,문학동네,https://www.aladin.co.kr/shop/wproduct.aspx?ItemId=365665217,https://image.aladin.co.kr/product/36566/52/cover500/s632135953_1.jpg,10,↓3
2026-05-22 10:00,14,사랑이 있으니 살아집디다,"유시민, 김세라",은빛,https://www.aladin.co.kr/shop/wproduct.aspx?ItemId=388509769,https://image.aladin.co.kr/product/38850/97/cover500/k992137800_2.jpg,20,↑6
2026-05-22 10:00,15,블루 아카이브 4.5주년 기념 O.S.T [2CD 앨범 패키지],,,https://www.aladin.co.kr/shop/wproduct.aspx?ItemId=393510167,https://image.aladin.co.kr/product/39351/1/cover500/c962939011_1.jpg,36,↑21
2026-05-22 10:00,16,카구라바치 10 (트리플특전판),호카조노 타케루,대원씨아이(만화),https://www.aladin.co.kr/shop/wproduct.aspx?ItemId=393688901,https://image.aladin.co.kr/product/39368/89/cover500/k592139565_2.jpg,3,↓13
2026-05-22 10:00,17,1984,"조지 오웰, 정회성",민음사,https://www.aladin.co.kr/shop/wproduct.aspx?ItemId=418906,https://image.aladin.co.kr/product/41/89/cover500/s122531356_2.jpg,,NEW
2026-05-22 10:00,18,최소한의 세계사,,"저자 친필 메세지 인쇄본 + 세계지도 메모패드, 세계사 연표 카드",https://www.aladin.co.kr/shop/wproduct.aspx?ItemId=392647802,https://image.aladin.co.kr/product/39264/78/cover500/k432138500_1.jpg,25,↑7
2026-05-22 10:00,19,인간 실격,"다자이 오사무, 김춘미",민음사,https://www.aladin.co.kr/shop/wproduct.aspx?ItemId=491611,https://image.aladin.co.kr/product/49/16/cover500/893746103x_3.jpg,,NEW
2026-05-22 10:00,20,일리아스 좋아하세요?,"하길(석민주), 이준석",창비,https://www.aladin.co.kr/shop/wproduct.aspx?ItemId=390942945,https://image.aladin.co.kr/product/39094/29/cover500/8936481282_1.jpg,38,↑18
2026-05-22 10:00,21,도쿄 에일리언즈 12 (트리플 특장판),"NAOE, 박소현",서울미디어코믹스(서울문화사),https://www.aladin.co.kr/shop/wproduct.aspx?ItemId=393250501,https://image.aladin.co.kr/product/39325/5/cover500/k592138230_1.jpg,43,↑22
2026-05-22 10:00,22,인 메모리엄,"앨리스 윈, 이나경",다산책방,https://www.aladin.co.kr/shop/wproduct.aspx?ItemId=392918622,https://image.aladin.co.kr/product/39291/86/cover500/k092138602_1.jpg,24,↑2
2026-05-22 10:00,23,내면 근력,"짐 머피, 지여울",윌북,https://www.aladin.co.kr/shop/wproduct.aspx?ItemId=388955379,https://image.aladin.co.kr/product/38895/53/cover500/k602137608_1.jpg,9,↓14
2026-05-22 10:00,24,가르쳐줘 집사 2,"마사키 미치, 김수연",서울미디어코믹스(서울문화사),https://www.aladin.co.kr/shop/wproduct.aspx?ItemId=393769371,https://image.aladin.co.kr/product/39376/93/cover500/k912139772_1.jpg,,NEW
2026-05-22 10:00,25,이방인,"알베르 카뮈, 김화영",민음사,https://www.aladin.co.kr/shop/wproduct.aspx?ItemId=212246612,https://image.aladin.co.kr/product/21224/66/cover500/8937443848_1.jpg,,NEW
2026-05-22 10:00,26,블루 아카이브 4.5주년 기념 O.S.T [KiT 앨범 패키지],,,https://www.aladin.co.kr/shop/wproduct.aspx?ItemId=393510071,https://image.aladin.co.kr/product/39351/0/cover500/c952939011_1.jpg,59,↑33
2026-05-22 10:00,27,체호프 희곡선,"안톤 파블로비치 체호프, 김혜란",민음사,https://www.aladin.co.kr/shop/wproduct.aspx?ItemId=393314834,https://image.aladin.co.kr/product/39331/48/cover500/8937464756_1.jpg,100,↑73
2026-05-22 10:00,28,1938 타이완 여행기,"양솽쯔, 김이삭",마티스블루,https://www.aladin.co.kr/shop/wproduct.aspx?ItemId=377713049,https://image.aladin.co.kr/product/37771/30/cover500/k252033568_2.jpg,97,↑69
2026-05-22 10:00,29,참을 수 없는 존재의 가벼움,"밀란 쿤데라, 이재룡",민음사,https://www.aladin.co.kr/shop/wproduct.aspx?ItemId=388319072,https://image.aladin.co.kr/product/38831/90/cover500/8937404664_1.jpg,,NEW
2026-05-22 10:00,30,복잡한 마음을 정리하는 작은 책장,,,https://www.aladin.co.kr/shop/wproduct.aspx?ItemId=381043956,https://image.aladin.co.kr/product/38104/39/cover500/g492432495_1.jpg,,NEW
2026-05-22 10:00,31,모순,양귀자,쓰다,https://www.aladin.co.kr/shop/wproduct.aspx?ItemId=25843736,https://image.aladin.co.kr/product/2584/37/cover500/8998441012_3.jpg,72,↑41
2026-05-22 10:00,32,흉담,전건우,래빗홀,https://www.aladin.co.kr/shop/wproduct.aspx?ItemId=391285419,https://image.aladin.co.kr/product/39128/54/cover500/k232137457_1.jpg,98,↑66
2026-05-22 10:00,33,김준수(XIA) - 5th FULL ALBUM [GRAVITY] Cosmic Ver.,,,https://www.aladin.co.kr/shop/wproduct.aspx?ItemId=393693117,https://image.aladin.co.kr/product/39369/31/cover500/c552939017_1.jpg,35,↑2
2026-05-22 10:00,34,죽은나무숲의 죽다 만 여우,"오브리 하트먼, 마르친 미노르, 황세림",위즈덤하우스,https://www.aladin.co.kr/shop/wproduct.aspx?ItemId=392922768,https://image.aladin.co.kr/product/39292/27/cover500/k472138602_2.jpg,,NEW
2026-05-22 10:00,35,설국,"가와바타 야스나리, 유숙자",민음사,https://www.aladin.co.kr/shop/wproduct.aspx?ItemId=328730,https://image.aladin.co.kr/product/32/87/cover500/s092934786_1.jpg,,NEW
2026-05-22 10:00,36,最强ジャンプ 2026年 7月號 [雜誌],,,https://www.aladin.co.kr/shop/wproduct.aspx?ItemId=392238195,https://image.aladin.co.kr/product/39223/81/cover500/f502138987g_1.jpg,,NEW
2026-05-22 10:00,37,2026 제17회 젊은작가상 수상작품집,"김채원, 길란, 남의현, 서장원, 위수정, 이미상, 함윤이",문학동네,https://www.aladin.co.kr/shop/wproduct.aspx?ItemId=389894398,https://image.aladin.co.kr/product/38989/43/cover500/k232137415_1.jpg,,NEW
2026-05-22 10:00,38,모모세 아키라의 첫사랑 파탄 중 5 (트리플 특전판),"하레카와 신타, 이소연",서울미디어코믹스(서울문화사),https://www.aladin.co.kr/shop/wproduct.aspx?ItemId=393239337,https://image.aladin.co.kr/product/39323/93/cover500/k602138136_1.jpg,73,↑35
2026-05-22 10:00,39,"하루 한 장, 단단한 삶을 위한 고전 필사 노트",김선영,현대지성,https://www.aladin.co.kr/shop/wproduct.aspx?ItemId=390286908,https://image.aladin.co.kr/product/39028/69/cover500/k982137743_1.jpg,,NEW
2026-05-22 10:00,40,박곰희 연금 부자 수업,박곰희,인플루엔셜(주),https://www.aladin.co.kr/shop/wproduct.aspx?ItemId=366615290,https://image.aladin.co.kr/product/36661/52/cover500/k972030181_3.jpg,58,↑18
2026-05-22 10:00,41,동물농장,"조지 오웰, 도정일",민음사,https://www.aladin.co.kr/shop/wproduct.aspx?ItemId=40674,https://image.aladin.co.kr/product/4/6/cover500/s93746005x_3.jpg,,NEW
2026-05-22 10:00,42,바밍타이거 - 정규 2집 Gongbu,,,https://www.aladin.co.kr/shop/wproduct.aspx?ItemId=393713433,https://image.aladin.co.kr/product/39371/34/cover500/c072939118_1.jpg,5,↓37
2026-05-22 10:00,43,2026 심우철 실전 동형 모의고사 Season 4,심우철,에스티유니타스,https://www.aladin.co.kr/shop/wproduct.aspx?ItemId=392440089,https://image.aladin.co.kr/product/39244/0/cover500/k312138106_1.jpg,26,↓17
2026-05-22 10:00,44,폭풍의 언덕,"에밀리 브론테, 김종길",민음사,https://www.aladin.co.kr/shop/wproduct.aspx?ItemId=549352,https://image.aladin.co.kr/product/54/93/cover500/8937461188_3.jpg,,NEW
2026-05-22 10:00,45,진보를 위한 주식투자,이광수,21세기북스,https://www.aladin.co.kr/shop/wproduct.aspx?ItemId=379685661,https://image.aladin.co.kr/product/37968/56/cover500/k712034767_1.jpg,,NEW
2026-05-22 10:00,46,사춘기 엄마의 오장육부,나민애,서교책방,https://www.aladin.co.kr/shop/wproduct.aspx?ItemId=390672114,https://image.aladin.co.kr/product/39067/21/cover500/k662137858_1.jpg,14,↓32
2026-05-22 10:00,47,급류,정대건,민음사,https://www.aladin.co.kr/shop/wproduct.aspx?ItemId=307692409,https://image.aladin.co.kr/product/30769/24/cover500/8937473402_1.jpg,,NEW
2026-05-22 10:00,48,속 깊은 무관심,김수현,낮은산,https://www.aladin.co.kr/shop/wproduct.aspx?ItemId=341287910,https://image.aladin.co.kr/product/34128/79/cover500/k792931196_1.jpg,45,↓3
2026-05-22 10:00,49,면도날,"서머싯 몸, 안진환",민음사,https://www.aladin.co.kr/shop/wproduct.aspx?ItemId=4213854,https://image.aladin.co.kr/product/421/38/cover500/8937462141_2.jpg,,NEW
2026-05-22 10:00,50,인생을 위한 최소한의 생각,"신영준, 고영성",상상스퀘어,https://www.aladin.co.kr/shop/wproduct.aspx?ItemId=385481121,https://image.aladin.co.kr/product/38548/11/cover500/k192135753_2.jpg,44,↓6
2026-05-22 10:00,51,계절은 서두르지 않는다,김산들,알에이치코리아(RHK),https://www.aladin.co.kr/shop/wproduct.aspx?ItemId=393703633,https://image.aladin.co.kr/product/39370/36/cover500/8925569469_1.jpg,12,↓39
2026-05-22 10:00,52,디그 잇 2 (더블특전판),Yoshidamaru,학산문화사(만화),https://www.aladin.co.kr/shop/wproduct.aspx?ItemId=392519456,https://image.aladin.co.kr/product/39251/94/cover500/k152138303_1.jpg,79,↑27
2026-05-22 10:00,53,아이오아이 - 미니 3집 I.O.I : LOOP,,,https://www.aladin.co.kr/shop/wproduct.aspx?ItemId=391661961,https://image.aladin.co.kr/product/39166/19/cover500/c412939600_1.jpg,87,↑34
2026-05-22 10:00,54,수빈의 두산 두산의 수빈,"정수빈, 김민경",브레인스토어,https://www.aladin.co.kr/shop/wproduct.aspx?ItemId=393769801,https://image.aladin.co.kr/product/39376/98/cover500/k182139772_1.jpg,,NEW
2026-05-22 10:00,55,네 사랑을 먹어라,"세라 마리아 그리핀, 아밀(김지현)",허블,https://www.aladin.co.kr/shop/wproduct.aspx?ItemId=393493960,https://image.aladin.co.kr/product/39349/39/cover500/k132138539_2.jpg,41,↓14
2026-05-22 10:00,56,참을 수 없는 존재의 가벼움 (리커버),"밀란 쿤데라, 이재룡",민음사,https://www.aladin.co.kr/shop/wproduct.aspx?ItemId=347978053,https://image.aladin.co.kr/product/34797/80/cover500/8937437562_1.jpg,,NEW
2026-05-22 10:00,57,원펀맨,"ONE, 무라타 유스케",대원씨아이/DCW,https://www.aladin.co.kr/shop/wproduct.aspx?ItemId=393750470,https://image.aladin.co.kr/product/39375/4/cover500/e302638721_e174.jpg,8,↓49
2026-05-22 10:00,58,귀신들의 땅,"천쓰홍, 김태성",민음사,https://www.aladin.co.kr/shop/wproduct.aspx?ItemId=331193234,https://image.aladin.co.kr/product/33119/32/cover500/8937454823_1.jpg,,NEW
2026-05-22 10:00,59,자기만의 방,"버지니아 울프, 이미애, 이민경",민음사,https://www.aladin.co.kr/shop/wproduct.aspx?ItemId=97899246,https://image.aladin.co.kr/product/9789/92/cover500/8937429047_1.jpg,,NEW
2026-05-22 10:00,60,전지적 독자 시점 19,"슬리피-C, 싱숑, UMI",에이템포미디어,https://www.aladin.co.kr/shop/wproduct.aspx?ItemId=393727271,https://image.aladin.co.kr/product/39372/72/cover500/k782139662_1.jpg,33,↓27
2026-05-22 10:00,61,데미안,"헤르만 헤세, 전영애",민음사,https://www.aladin.co.kr/shop/wproduct.aspx?ItemId=260084,https://image.aladin.co.kr/product/26/0/cover500/s742633278_2.jpg,,NEW
2026-05-22 10:00,62,의약품 살인사건,백승만,해나무,https://www.aladin.co.kr/shop/wproduct.aspx?ItemId=393158175,https://image.aladin.co.kr/product/39315/81/cover500/k442138139_1.jpg,56,↓6
2026-05-22 10:00,63,말랑말랑 재밌는 한글 젤리 66g,,,https://www.aladin.co.kr/shop/wproduct.aspx?ItemId=388123065,https://image.aladin.co.kr/product/38812/30/cover500/g222432105_1.jpg,,NEW
2026-05-22 10:00,64,괴테는 모든 것을 말했다,"스즈키 유이, 이지수",리프,https://www.aladin.co.kr/shop/wproduct.aspx?ItemId=376765918,https://image.aladin.co.kr/product/37676/59/cover500/s612137162_1.jpg,,NEW
2026-05-22 10:00,65,백지 앞에서,최은영,문학동네,https://www.aladin.co.kr/shop/wproduct.aspx?ItemId=391370049,https://image.aladin.co.kr/product/39137/0/cover500/k732137654_1.jpg,18,↓47
2026-05-22 10:00,66,부처님 말씀대로 살아보니,"토니 페르난도, 강정선",윌마,https://www.aladin.co.kr/shop/wproduct.aspx?ItemId=385370551,https://image.aladin.co.kr/product/38537/5/cover500/k732135332_1.jpg,64,↓2
2026-05-22 10:00,67,"결코, 배불리 먹지 말 것","미즈노 남보쿠, 서진",스노우폭스북스,https://www.aladin.co.kr/shop/wproduct.aspx?ItemId=356401396,https://image.aladin.co.kr/product/35640/13/cover500/k792036505_2.jpg,86,↑19
2026-05-22 10:00,68,바깥은 여름,김애란,문학동네,https://www.aladin.co.kr/shop/wproduct.aspx?ItemId=111454737,https://image.aladin.co.kr/product/11145/47/cover500/s532932793_1.jpg,,NEW
2026-05-22 10:00,69,젊은 베르테르의 슬픔,"요한 볼프강 폰 괴테, 박찬기",민음사,https://www.aladin.co.kr/shop/wproduct.aspx?ItemId=187464,https://image.aladin.co.kr/product/18/74/cover500/s302933632_1.jpg,,NEW
2026-05-22 10:00,70,히카루가 죽은 여름 8,"모쿠모쿠렌, 송재희",디앤씨미디어(주)(D&C미디어),https://www.aladin.co.kr/shop/wproduct.aspx?ItemId=393311014,https://image.aladin.co.kr/product/39331/10/cover500/k192138334_1.jpg,,NEW
2026-05-22 10:00,71,말하지 않고 말하기,김정운,21세기북스,https://www.aladin.co.kr/shop/wproduct.aspx?ItemId=391826086,https://image.aladin.co.kr/product/39182/60/cover500/k702138679_1.jpg,,NEW
2026-05-22 10:00,72,노아 선배는 친구 9,"아키야마 엔마, 심이슬",서울미디어코믹스(서울문화사),https://www.aladin.co.kr/shop/wproduct.aspx?ItemId=393715017,https://image.aladin.co.kr/product/39371/50/cover500/k492139660_1.jpg,91,↑19
2026-05-22 10:00,73,뇌가 멈추기 전에,이승훈,21세기북스,https://www.aladin.co.kr/shop/wproduct.aspx?ItemId=367027031,https://image.aladin.co.kr/product/36702/70/cover500/k482030683_1.jpg,,NEW
2026-05-22 10:00,74,가르쳐줘 집사 1,"마사키 미치, 김수연",서울미디어코믹스(서울문화사),https://www.aladin.co.kr/shop/wproduct.aspx?ItemId=391724964,https://image.aladin.co.kr/product/39172/49/cover500/k922138269_1.jpg,,NEW
2026-05-22 10:00,75,손절사회,이승연,어크로스,https://www.aladin.co.kr/shop/wproduct.aspx?ItemId=390613395,https://image.aladin.co.kr/product/39061/33/cover500/k852137647_1.jpg,,NEW
2026-05-22 10:00,76,이향인,"라미 카민스키, 최지숙",21세기북스,https://www.aladin.co.kr/shop/wproduct.aspx?ItemId=387930371,https://image.aladin.co.kr/product/38793/3/cover500/k292137262_1.jpg,30,↓46
2026-05-22 10:00,77,소년이 온다,한강,창비,https://www.aladin.co.kr/shop/wproduct.aspx?ItemId=40869703,https://image.aladin.co.kr/product/4086/97/cover500/8936434128_2.jpg,,NEW
2026-05-22 10:00,78,마션,"앤디 위어, 박아람",알에이치코리아(RHK),https://www.aladin.co.kr/shop/wproduct.aspx?ItemId=270454339,https://image.aladin.co.kr/product/27045/43/cover500/892558865x_1.jpg,,NEW
2026-05-22 10:00,79,달과 6펜스,"서머싯 몸, 송무",민음사,https://www.aladin.co.kr/shop/wproduct.aspx?ItemId=237763,https://image.aladin.co.kr/product/23/77/cover500/s692639624_2.jpg,,NEW
2026-05-22 10:00,80,젊은 베르테르의 슬픔 (먼슬리 클래식),"요한 볼프강 폰 괴테, 안장혁",문학동네,https://www.aladin.co.kr/shop/wproduct.aspx?ItemId=392517373,https://image.aladin.co.kr/product/39251/73/cover500/k002138302_1.jpg,,NEW
2026-05-22 10:00,81,타몬 군 지금 어느 쪽?! 12,"시와스 유키, 최윤정",학산문화사(만화),https://www.aladin.co.kr/shop/wproduct.aspx?ItemId=392518622,https://image.aladin.co.kr/product/39251/86/cover500/k572138302_1.jpg,,NEW
2026-05-22 10:00,82,죽은 왕녀를 위한 파반느 (양장 특별판),박민규,위즈덤하우스,https://www.aladin.co.kr/shop/wproduct.aspx?ItemId=377942402,https://image.aladin.co.kr/product/37794/24/cover500/s692135115_2.jpg,,NEW
2026-05-22 10:00,83,페스트,"알베르 카뮈, 김화영",민음사,https://www.aladin.co.kr/shop/wproduct.aspx?ItemId=11267326,https://image.aladin.co.kr/product/1126/73/cover500/s937462672_2.jpg,,NEW
2026-05-22 10:00,84,위대한 개츠비,"프랜시스 스콧 피츠제럴드, 김욱동",민음사,https://www.aladin.co.kr/shop/wproduct.aspx?ItemId=417997,https://image.aladin.co.kr/product/41/79/cover500/s582934787_1.jpg,,NEW
2026-05-22 10:00,85,고양이 해결사 깜냥 9,"홍민정, 김재희",창비,https://www.aladin.co.kr/shop/wproduct.aspx?ItemId=393753673,https://image.aladin.co.kr/product/39375/36/cover500/8936450530_1.jpg,4,↓81
2026-05-22 10:00,86,길고양이와 늑대 6,"미츠바치 미유키, 이슬",학산문화사(만화),https://www.aladin.co.kr/shop/wproduct.aspx?ItemId=392519237,https://image.aladin.co.kr/product/39251/92/cover500/k842138302_1.jpg,84,↓2
2026-05-22 10:00,87,"혼모노 (리커버, 양장)",성해나,창비,https://www.aladin.co.kr/shop/wproduct.aspx?ItemId=390784779,https://image.aladin.co.kr/product/39078/47/cover500/k792137959_1.jpg,,NEW
2026-05-22 10:00,88,내 이름은 빨강 1,"오르한 파묵, 이난아",민음사,https://www.aladin.co.kr/shop/wproduct.aspx?ItemId=214241659,https://image.aladin.co.kr/product/21424/16/cover500/8937479796_3.jpg,,NEW
2026-05-22 10:00,89,당신의 고민에 부처는 이렇게 답한다,H.이치카,반가사유,https://www.aladin.co.kr/shop/wproduct.aspx?ItemId=370633953,https://image.aladin.co.kr/product/37063/39/cover500/k702030333_1.jpg,,NEW
2026-05-22 10:00,90,악역 영애 안의 사람,"시라우메 나즈나, 마키부로, 김진수",루체코믹스,https://www.aladin.co.kr/shop/wproduct.aspx?ItemId=393305085,https://image.aladin.co.kr/product/39330/50/cover500/e512638219_fdfb.jpg,,NEW
2026-05-22 10:00,91,우리 세희,조해진,현대문학,https://www.aladin.co.kr/shop/wproduct.aspx?ItemId=392954718,https://image.aladin.co.kr/product/39295/47/cover500/k712138606_2.jpg,96,↑5
2026-05-22 10:00,92,봄의 폭풍과 몬스터 8,미츠바치 미유키,학산문화사(만화),https://www.aladin.co.kr/shop/wproduct.aspx?ItemId=392518608,https://image.aladin.co.kr/product/39251/86/cover500/k442138302_1.jpg,,NEW
2026-05-22 10:00,93,누구나 투자로 부자가 될 수 있다,배재규,이든하우스,https://www.aladin.co.kr/shop/wproduct.aspx?ItemId=376155808,https://image.aladin.co.kr/product/37615/58/cover500/k402032746_1.jpg,,NEW
2026-05-22 10:00,94,니체의 초월자,"프리드리히 니체, 김철",히읏,https://www.aladin.co.kr/shop/wproduct.aspx?ItemId=375395519,https://image.aladin.co.kr/product/37539/55/cover500/k392032120_1.jpg,19,↓75
2026-05-22 10:00,95,만희네 꽃밭,권윤덕,길벗어린이,https://www.aladin.co.kr/shop/wproduct.aspx?ItemId=393581413,https://image.aladin.co.kr/product/39358/14/cover500/8955828438_1.jpg,77,↓18
2026-05-22 10:00,96,EBS FM Radio 입이 트이는 영어 2026.6,"이현석, 제니퍼 클라이드",동아출판(방송교재),https://www.aladin.co.kr/shop/wproduct.aspx?ItemId=393278810,https://image.aladin.co.kr/product/39327/88/cover500/k802138339_1.jpg,,NEW
2026-05-22 10:00,97,캐릭터 심리 사전,"린다 N. 에델스타인, 지여울",부키,https://www.aladin.co.kr/shop/wproduct.aspx?ItemId=388092141,https://image.aladin.co.kr/product/38809/21/cover500/k582137986_2.jpg,,NEW
2026-05-22 10:00,98,숄더와 백팩으로 쓰는 가방,,,https://www.aladin.co.kr/shop/wproduct.aspx?ItemId=368552801,https://image.aladin.co.kr/product/36855/28/cover500/g832432281_1.jpg,,NEW
2026-05-22 10:00,99,DICON VOLUME N°34 TWS TINY WONDER STORIES (B-type) : 02 DOHOON,디스패치,dicon,https://www.aladin.co.kr/shop/wproduct.aspx?ItemId=393759844,https://image.aladin.co.kr/product/39375/98/cover500/k312139779_1.jpg,,NEW
2026-05-22 10:00,100,꿀딴지곰의 동네 오락실 게임 대백과,꿀딴지곰,보누스,https://www.aladin.co.kr/shop/wproduct.aspx?ItemId=393704119,https://image.aladin.co.kr/product/39370/41/cover500/8964947991_1.jpg,,NEW
